201714038770==> {'':'','APPLICATIONNUMBER':'201714038770','APPLICATIONTYPE':'CONVENTIONAL APPLICATION','DATEOFFILING':'31/10/2017','APPLICANTNAME':'TOSHIBA MITSUBISHI-ELECTRIC INDUSTRIAL SYSTEMS CORPORATION','TITLEOFINVENTION':'ROTATING ELECTRICAL MACHINE AND STATOR COOLING STRUCTURE','FIELDOFINVENTION':'ELECTRICAL','E-MAIL(AsPerRecord)':'iprdel@lakshmisri.com','ADDITIONAL-EMAIL(AsPerRecord)':'iprdel@lakshmisri.com','E-MAIL(UPDATEDOnline)':'','PRIORITYDATE':'18/11/2016','REQUESTFOREXAMINATIONDATE':'--','PUBLICATIONDATE(U/S11A)':'25/05/2018','APPLICATIONSTATUS':'Application Published','':'',,'':''}
201727038763==> {'':'','APPLICATIONNUMBER':'201727038763','APPLICATIONTYPE':'PCT NATIONAL PHASE APPLICATION','DATEOFFILING':'31/10/2017','APPLICANTNAME':'UNICHARM CORPORATION','TITLEOFINVENTION':'ABSORBENT ARTICLE','FIELDOFINVENTION':'MECHANICALENGINEERING','E-MAIL(AsPerRecord)':'','ADDITIONAL-EMAIL(AsPerRecord)':'info@iprattoneys.com','E-MAIL(UPDATEDOnline)':'','PCTINTERNATIONALAPPLICATIONNUMBER':'PCT/JP2015/073220','PCTINTERNATIONALFILINGDATE':'19/08/2015','PRIORITYDATE':'NA','REQUESTFOREXAMINATIONDATE':'--','PUBLICATIONDATE(U/S11A)':'01/12/2017','APPLICATIONSTATUS':'Application Published','':'',,'':''}
201747038607==> {'':'','APPLICATIONNUMBER':'201747038607','APPLICATIONTYPE':'PCT NATIONAL PHASE APPLICATION','DATEOFFILING':'31/10/2017','APPLICANTNAME':'GOOGLE INC','TITLEOFINVENTION':'ACCESS CONTROL FOR INTERNET OF THINGS DEVICES','FIELDOFINVENTION':'COMMUNICATION','E-MAIL(AsPerRecord)':'','ADDITIONAL-EMAIL(AsPerRecord)':'patent@depenning.com','E-MAIL(UPDATEDOnline)':'','PCTINTERNATIONALAPPLICATIONNUMBER':'PCT/US2016/046090','PCTINTERNATIONALFILINGDATE':'08/08/2016','PRIORITYDATE':'NA','REQUESTFOREXAMINATIONDATE':'31/10/2017','PUBLICATIONDATE(U/S11A)':'01/12/2017','APPLICATIONSTATUS':'Application Awaiting Examination','':'',,'':''}
201741014332==> {'':'','APPLICATIONNUMBER':'201741014332','APPLICATIONTYPE':'ORDINARY APPLICATION','DATEOFFILING':'22/04/2017','APPLICANTNAME':'3D-IP Semiconductors Pvt Ltd.','TITLEOFINVENTION':'SYSTEM AND METHOD FOR HIGH SPEED EMBEDDED SRAM OPERATING AT DOUBLE DATA RATE SPEED','FIELDOFINVENTION':'NO SUBJECT','E-MAIL(AsPerRecord)':'arjun@myipstrategy.com','ADDITIONAL-EMAIL(AsPerRecord)':'','E-MAIL(UPDATEDOnline)':'','PRIORITYDATE':'NA','REQUESTFOREXAMINATIONDATE':'11/05/2017','PUBLICATIONDATE(U/S11A)':'28/04/2017','FIRSTEXAMINATIONREPORTDATE':'26/09/2017','DateOfCertificateIssue':'21/05/2018','POSTGRANTJOURNALDATE':'25/05/2018','APPLICATIONSTATUS':'Granted Application, Patent Numbe 296921','':'',,'':''}
201731003857==> {'':'','APPLICATIONNUMBER':'201731003857','APPLICATIONTYPE':'ORDINARY APPLICATION','DATEOFFILING':'02/02/2017','APPLICANTNAME':'SAROJ VANIJYA PRIVATE LIMITED','TITLEOFINVENTION':'CONCRETE BINDER COMPOSITION','FIELDOFINVENTION':'CHEMICAL','E-MAIL(AsPerRecord)':'mail@lexorbis.com','ADDITIONAL-EMAIL(AsPerRecord)':'mail@lexorbis.com','E-MAIL(UPDATEDOnline)':'manisha@lexorbis.com','PRIORITYDATE':'NA','REQUESTFOREXAMINATIONDATE':'08/02/2017','PUBLICATIONDATE(U/S11A)':'23/06/2017','FIRSTEXAMINATIONREPORTDATE':'21/09/2017','DateOfCertificateIssue':'07/02/2018','POSTGRANTJOURNALDATE':'09/02/2018','APPLICATIONSTATUS':'Granted Application, Patent Numbe 292690','':'',,'':''}
201741008659==> {'':'','APPLICATIONNUMBER':'201741008659','APPLICATIONTYPE':'ORDINARY APPLICATION','DATEOFFILING':'13/03/2017','APPLICANTNAME':'OPTIMUS DRUGS (P) LTD','TITLEOFINVENTION':'AN IMPROVED PROCESS FOR THE PREPARATION OF DACLATASVIR DIHYDROCHLORIDE AND ITS INTERMEDIATES','FIELDOFINVENTION':'CHEMICAL','E-MAIL(AsPerRecord)':'srini@optimuspharma.com','ADDITIONAL-EMAIL(AsPerRecord)':'sridhar.prasangi@optimuspharma.com','E-MAIL(UPDATEDOnline)':'','PRIORITYDATE':'NA','REQUESTFOREXAMINATIONDATE':'16/11/2017','PUBLICATIONDATE(U/S11A)':'04/08/2017','FIRSTEXAMINATIONREPORTDATE':'20/11/2017','DateOfCertificateIssue':'10/04/2018','POSTGRANTJOURNALDATE':'13/04/2018','APPLICATIONSTATUS':'Granted Application, Patent Numbe 295620','':'',,'':''}
201731001189==> {'':'','APPLICATIONNUMBER':'201731001189','APPLICATIONTYPE':'ORDINARY APPLICATION','DATEOFFILING':'11/01/2017','APPLICANTNAME':'Udiyate Technologies Pvt. Ltd.','TITLEOFINVENTION':'ALTERNATIVE ELEVATOR SYSTEM FOR HIGH RISE BUILDINGS','FIELDOFINVENTION':'ELECTRICAL','E-MAIL(AsPerRecord)':'info@khuranaandkhurana.com','ADDITIONAL-EMAIL(AsPerRecord)':'','E-MAIL(UPDATEDOnline)':'docket@khuranaandkhurana.com,info@khuranaandkhuran','PRIORITYDATE':'NA','REQUESTFOREXAMINATIONDATE':'10/10/2017','PUBLICATIONDATE(U/S11A)':'10/11/2017','FIRSTEXAMINATIONREPORTDATE':'06/12/2017','DateOfCertificateIssue':'14/05/2018','POSTGRANTJOURNALDATE':'18/05/2018','APPLICATIONSTATUS':'Granted Application, Patent Numbe 296741','':'',,'':''}
201721014429==> {'':'','APPLICATIONNUMBER':'201721014429','APPLICATIONTYPE':'ORDINARY APPLICATION','DATEOFFILING':'24/04/2017','APPLICANTNAME':'IMPEL SERVICES P LTD.','TITLEOFINVENTION':'TAMPER EVIDENT SEALING OF A PACKAGING BOX','FIELDOFINVENTION':'MECHANICALENGINEERING','E-MAIL(AsPerRecord)':'ck@sehgaliprservices.com','ADDITIONAL-EMAIL(AsPerRecord)':'adv.prajaktasawant@gmail.com','E-MAIL(UPDATEDOnline)':'','PRIORITYDATE':'NA','REQUESTFOREXAMINATIONDATE':'11/09/2017','PUBLICATIONDATE(U/S11A)':'05/05/2017','FIRSTEXAMINATIONREPORTDATE':'17/10/2017','DateOfCertificateIssue':'10/05/2018','POSTGRANTJOURNALDATE':'18/05/2018','APPLICATIONSTATUS':'Granted Application, Patent Numbe 296682','':'',,'':''}
201721002084==> {'':'','APPLICATIONNUMBER':'201721002084','APPLICATIONTYPE':'ORDINARY APPLICATION','DATEOFFILING':'19/01/2017','APPLICANTNAME':'POLYGOMMA INDUSTRIES PRIVATE LIMITED','TITLEOFINVENTION':'SYSTEM AND METHOD OF MANUFACTURING CURED MEMBRANE / POND LINER','FIELDOFINVENTION':'MECHANICALENGINEERING','E-MAIL(AsPerRecord)':'ip@stratjuris.com','ADDITIONAL-EMAIL(AsPerRecord)':'priyank.gupta@stratjuris.com','E-MAIL(UPDATEDOnline)':'','PRIORITYDATE':'NA','REQUESTFOREXAMINATIONDATE':'20/01/2017','PUBLICATIONDATE(U/S11A)':'27/01/2017','FIRSTEXAMINATIONREPORTDATE':'26/05/2017','DateOfCertificateIssue':'27/11/2017','POSTGRANTJOURNALDATE':'01/12/2017','APPLICATIONSTATUS':'Granted Application, Patent Numbe 289973','':'',,'':''}
201711002375==> {'':'','APPLICATIONNUMBER':'201711002375','APPLICATIONTYPE':'ORDINARY APPLICATION','DATEOFFILING':'21/01/2017','APPLICANTNAME':'BALRAJ PAWAR','TITLEOFINVENTION':'MODULAR DRUM AND METHOD OF MANUFACTURING THEREOF','FIELDOFINVENTION':'GENERAL ENGINEERING','E-MAIL(AsPerRecord)':'services@ciplegit.com','ADDITIONAL-EMAIL(AsPerRecord)':'','E-MAIL(UPDATEDOnline)':'','PRIORITYDATE':'NA','REQUESTFOREXAMINATIONDATE':'07/09/2017','PUBLICATIONDATE(U/S11A)':'04/08/2017','FIRSTEXAMINATIONREPORTDATE':'03/11/2017','DateOfCertificateIssue':'24/05/2018','POSTGRANTJOURNALDATE':'01/06/2018','APPLICATIONSTATUS':'Granted Application, Patent Numbe 297057','':'',,'':''}
201721007670==> {'':'','APPLICATIONNUMBER':'201721007670','APPLICATIONTYPE':'ORDINARY APPLICATION','DATEOFFILING':'04/03/2017','APPLICANTNAME':'FLYCATCHER TECHNOLOGIES LLP','TITLEOFINVENTION':'SYSTEM AND METHOD FOR LIQUID CIRCULATION AND GAS GENERATION MEASUREMENT','FIELDOFINVENTION':'PHYSICS','E-MAIL(AsPerRecord)':'ip@stratjuris.com','ADDITIONAL-EMAIL(AsPerRecord)':'priyank.gupta@stratjuris.com','E-MAIL(UPDATEDOnline)':'','PRIORITYDATE':'NA','REQUESTFOREXAMINATIONDATE':'18/03/2017','PUBLICATIONDATE(U/S11A)':'24/03/2017','FIRSTEXAMINATIONREPORTDATE':'23/06/2017','DateOfCertificateIssue':'05/04/2018','POSTGRANTJOURNALDATE':'06/04/2018','APPLICATIONSTATUS':'Granted Application, Patent Numbe 295520','':'',,'':''}
201741028935==> {'':'','APPLICATIONNUMBER':'201741028935','APPLICATIONTYPE':'ORDINARY APPLICATION','DATEOFFILING':'16/08/2017','APPLICANTNAME':'O2 Controls Private Limited','TITLEOFINVENTION':'AN ADVANCED FIRE PREVENTION SYSTEM AND METHOD THEREOF','FIELDOFINVENTION':'MECHANICALENGINEERING','E-MAIL(AsPerRecord)':'patent@miplgroup.in','ADDITIONAL-EMAIL(AsPerRecord)':'patent@miplgroup.in','E-MAIL(UPDATEDOnline)':'','PRIORITYDATE':'NA','REQUESTFOREXAMINATIONDATE':'16/08/2017','PUBLICATIONDATE(U/S11A)':'25/08/2017','FIRSTEXAMINATIONREPORTDATE':'23/11/2017','DateOfCertificateIssue':'28/02/2018','POSTGRANTJOURNALDATE':'09/03/2018','APPLICATIONSTATUS':'Granted Application, Patent Numbe 293617','':'',,'':''}
201721027188==> {'':'','APPLICATIONNUMBER':'201721027188','APPLICATIONTYPE':'ORDINARY APPLICATION','DATEOFFILING':'31/07/2017','APPLICANTNAME':'SHAREDALAL, HIRENKUMAR DHANSUKHLAL','TITLEOFINVENTION':'AN AIRBORNE COLLAPSIBLE RESCUE LIFT','FIELDOFINVENTION':'MECHANICALENGINEERING','E-MAIL(AsPerRecord)':'&nbsp;','ADDITIONAL-EMAIL(AsPerRecord)':'swati.ipr87@gmail.com','E-MAIL(UPDATEDOnline)':'msshah1660@yahoo.in','PRIORITYDATE':'NA','REQUESTFOREXAMINATIONDATE':'10/10/2017','PUBLICATIONDATE(U/S11A)':'15/09/2017','FIRSTEXAMINATIONREPORTDATE':'18/12/2017','DateOfCertificateIssue':'16/03/2018','POSTGRANTJOURNALDATE':'23/03/2018','APPLICATIONSTATUS':'Granted Application, Patent Numbe 294430','':'',,'':''}
201721005105==> {'':'','APPLICATIONNUMBER':'201721005105','APPLICATIONTYPE':'ORDINARY APPLICATION','DATEOFFILING':'13/02/2017','APPLICANTNAME':'Meril Life Sciences Pvt Ltd','TITLEOFINVENTION':'SINUPLASTY CATHETER','FIELDOFINVENTION':'BIO-MEDICAL ENGINEERING','E-MAIL(AsPerRecord)':'email@ipneeti.com','ADDITIONAL-EMAIL(AsPerRecord)':'shuchi@ipneeti.com','E-MAIL(UPDATEDOnline)':'','PRIORITYDATE':'NA','REQUESTFOREXAMINATIONDATE':'04/09/2017','PUBLICATIONDATE(U/S11A)':'08/09/2017','FIRSTEXAMINATIONREPORTDATE':'27/09/2017','DateOfCertificateIssue':'08/03/2018','POSTGRANTJOURNALDATE':'16/03/2018','APPLICATIONSTATUS':'Granted Application, Patent Numbe 294007','':'',,'':''}
201721016618==> {'':'','APPLICATIONNUMBER':'201721016618','APPLICATIONTYPE':'ORDINARY APPLICATION','DATEOFFILING':'11/05/2017','APPLICANTNAME':'Kush Dinesh Rathi','TITLEOFINVENTION':'MULTI-LAYER HEAT INSULATOR SYSTEM','FIELDOFINVENTION':'MECHANICALENGINEERING','E-MAIL(AsPerRecord)':'ip@stratjuris.com','ADDITIONAL-EMAIL(AsPerRecord)':'priyank.gupta@stratjuris.com','E-MAIL(UPDATEDOnline)':'','PRIORITYDATE':'NA','REQUESTFOREXAMINATIONDATE':'28/08/2017','PUBLICATIONDATE(U/S11A)':'04/08/2017','FIRSTEXAMINATIONREPORTDATE':'07/11/2017','DateOfCertificateIssue':'22/03/2018','POSTGRANTJOURNALDATE':'30/03/2018','APPLICATIONSTATUS':'Granted Application, Patent Numbe 294727','':'',,'':''}
201741005599==> {'':'','APPLICATIONNUMBER':'201741005599','APPLICATIONTYPE':'ORDINARY APPLICATION','DATEOFFILING':'16/02/2017','APPLICANTNAME':'SENSIVISION HEALTH TECHNOLOGIES PVT LTD','TITLEOFINVENTION':'BODY WRAP AND SYSTEM FOR INDUCING HYPOTHERMIA','FIELDOFINVENTION':'BIO-MEDICAL ENGINEERING','E-MAIL(AsPerRecord)':'iprdel@lakshmisri.com','ADDITIONAL-EMAIL(AsPerRecord)':'lsmds@lakshmisri.com','E-MAIL(UPDATEDOnline)':'','PRIORITYDATE':'NA','REQUESTFOREXAMINATIONDATE':'24/04/2017','PUBLICATIONDATE(U/S11A)':'26/05/2017','FIRSTEXAMINATIONREPORTDATE':'29/08/2017','DateOfCertificateIssue':'26/03/2018','POSTGRANTJOURNALDATE':'30/03/2018','APPLICATIONSTATUS':'Granted Application, Patent Numbe 294921','':'',,'':''}
201741013482==> {'':'','APPLICATIONNUMBER':'201741013482','APPLICATIONTYPE':'ORDINARY APPLICATION','DATEOFFILING':'17/04/2017','APPLICANTNAME':'Shawaz Sharif','TITLEOFINVENTION':'A SYSTEM AND A METHOD FOR DYNAMIC RESUME GENERATION','FIELDOFINVENTION':'COMPUTER SCIENCE','E-MAIL(AsPerRecord)':'senthil@intepat.com','ADDITIONAL-EMAIL(AsPerRecord)':'senthil@intepat.com','E-MAIL(UPDATEDOnline)':'','PRIORITYDATE':'NA','REQUESTFOREXAMINATIONDATE':'17/08/2017','PUBLICATIONDATE(U/S11A)':'04/08/2017','FIRSTEXAMINATIONREPORTDATE':'11/10/2017','DateOfCertificateIssue':'25/04/2018','POSTGRANTJOURNALDATE':'27/04/2018','APPLICATIONSTATUS':'Granted Application, Patent Numbe 296109','':'',,'':''}
