201621045158==> {'':'','APPLICATIONNUMBER':'201621045158','APPLICATIONTYPE':'ORDINARY APPLICATION','DATEOFFILING':'30/12/2016','APPLICANTNAME':'MERIL LIFE SCIENCES PVT. LTD.','TITLEOFINVENTION':'ANNEALING PROCESS FOR A BIOABSORBABLE STENT','FIELDOFINVENTION':'BIO-MEDICAL ENGINEERING','E-MAIL(AsPerRecord)':'email@ipneeti.com','ADDITIONAL-EMAIL(AsPerRecord)':'shuchi@ipneeti.com','E-MAIL(UPDATEDOnline)':'','PRIORITYDATE':'NA','REQUESTFOREXAMINATIONDATE':'07/06/2017','PUBLICATIONDATE(U/S11A)':'02/06/2017','FIRSTEXAMINATIONREPORTDATE':'20/11/2017','DateOfCertificateIssue':'14/05/2018','POSTGRANTJOURNALDATE':'18/05/2018','APPLICATIONSTATUS':'Granted Application, Patent Numbe 296768','':'',,'':''}
201611043539==> {'':'','APPLICATIONNUMBER':'201611043539','APPLICATIONTYPE':'ORDINARY APPLICATION','DATEOFFILING':'20/12/2016','APPLICANTNAME':'1 .Kundan Meshram2 .Pradeep Kumar Jain','TITLEOFINVENTION':'METHOD OF REDUCING THE SWELLING PRESSURE OF THE EXPANSIVE SOILS BY REINFORCING IT WITH THE GRANULAR PILE','FIELDOFINVENTION':'CIVIL','E-MAIL(AsPerRecord)':'services@ciplegit.com','ADDITIONAL-EMAIL(AsPerRecord)':'sevices@ciplegit.com','E-MAIL(UPDATEDOnline)':'kundan.transpo@gmail.com','PRIORITYDATE':'NA','REQUESTFOREXAMINATIONDATE':'03/05/2017','PUBLICATIONDATE(U/S11A)':'13/01/2017','FIRSTEXAMINATIONREPORTDATE':'30/06/2017','DateOfCertificateIssue':'20/02/2018','POSTGRANTJOURNALDATE':'23/02/2018','APPLICATIONSTATUS':'Granted Application, Patent Numbe 293046','':'',,'':''}
201641032216==> {'':'','APPLICATIONNUMBER':'201641032216','APPLICATIONTYPE':'ORDINARY APPLICATION','DATEOFFILING':'21/09/2016','APPLICANTNAME':'MULTIFUN TECHNOLOGIES PRIVATE LIMITED,','TITLEOFINVENTION':'A MULTIFUNCTIONAL SYSTEM AND A METHOD FOR INTEGRATED ENERGY RECYCLING AND STORING','FIELDOFINVENTION':'ELECTRICAL','E-MAIL(AsPerRecord)':'ipo@invntree.com','ADDITIONAL-EMAIL(AsPerRecord)':'contact@invntree.com','E-MAIL(UPDATEDOnline)':'','PRIORITYDATE':'NA','REQUESTFOREXAMINATIONDATE':'--','PUBLICATIONDATE(U/S11A)':'30/09/2016','FIRSTEXAMINATIONREPORTDATE':'23/02/2017','DateOfCertificateIssue':'26/09/2017','POSTGRANTJOURNALDATE':'29/09/2017','APPLICATIONSTATUS':'Granted Application, Patent Numbe 287775','':'',,'':''}
201621020845==> {'':'','APPLICATIONNUMBER':'201621020845','APPLICATIONTYPE':'ORDINARY APPLICATION','DATEOFFILING':'17/06/2016','APPLICANTNAME':'LOBO Joseph Eligio','TITLEOFINVENTION':'PROCESS AND SYSTEM FOR SEWAGE TREATMENT AND DISPERSAL','FIELDOFINVENTION':'CHEMICAL','E-MAIL(AsPerRecord)':'dewan@rkdewanmail.com','ADDITIONAL-EMAIL(AsPerRecord)':'dewan@rkdewanmail.com','E-MAIL(UPDATEDOnline)':'','PRIORITYDATE':'NA','REQUESTFOREXAMINATIONDATE':'11/08/2017','PUBLICATIONDATE(U/S11A)':'02/12/2016','FIRSTEXAMINATIONREPORTDATE':'20/10/2017','DateOfCertificateIssue':'16/02/2018','POSTGRANTJOURNALDATE':'23/02/2018','APPLICATIONSTATUS':'Granted Application, Patent Numbe 292993','':'',,'':''}
201644020920==> {'':'','APPLICATIONNUMBER':'201644020920','APPLICATIONTYPE':'CONVENTIONAL APPLICATION','DATEOFFILING':'18/06/2016','APPLICANTNAME':'GLOBUS EIGHT INC.','TITLEOFINVENTION':'A SYSTEM AND METHOD FOR ESTABLISHING COMMUNICATION BETWEEN PLURALITY OF INTERNET OF THINGS DEVICES','FIELDOFINVENTION':'COMMUNICATION','E-MAIL(AsPerRecord)':'ipo@invntree.com','ADDITIONAL-EMAIL(AsPerRecord)':'contact@invntree.com','E-MAIL(UPDATEDOnline)':'','PRIORITYDATE':'NA','REQUESTFOREXAMINATIONDATE':'--','PUBLICATIONDATE(U/S11A)':'24/06/2016','FIRSTEXAMINATIONREPORTDATE':'19/07/2017','DateOfCertificateIssue':'05/04/2018','POSTGRANTJOURNALDATE':'13/04/2018','APPLICATIONSTATUS':'Granted Application, Patent Numbe 295525','':'',,'':''}
201647036409==> {'':'','APPLICATIONNUMBER':'201647036409','APPLICATIONTYPE':'PCT NATIONAL PHASE APPLICATION','DATEOFFILING':'24/10/2016','APPLICANTNAME':'DOORBOX GLOBAL LLP','TITLEOFINVENTION':'SECURE AND PORTABLE APPARATUS FOR ACCEPTING PARCELS AND DELIVERIES','FIELDOFINVENTION':'MECHANICALENGINEERING','E-MAIL(AsPerRecord)':'','ADDITIONAL-EMAIL(AsPerRecord)':'srilpsearcher@gmail.com','E-MAIL(UPDATEDOnline)':'','PCTINTERNATIONALAPPLICATIONNUMBER':'PCT/US2015/025194','PCTINTERNATIONALFILINGDATE':'09/04/2015','PRIORITYDATE':'NA','REQUESTFOREXAMINATIONDATE':'--','PUBLICATIONDATE(U/S11A)':'25/11/2016','FIRSTEXAMINATIONREPORTDATE':'02/06/2017','DateOfCertificateIssue':'09/05/2018','POSTGRANTJOURNALDATE':'11/05/2018','APPLICATIONSTATUS':'Granted Application, Patent Numbe 296659','':'',,'':''}
201621027900==> {'':'','APPLICATIONNUMBER':'201621027900','APPLICATIONTYPE':'ORDINARY APPLICATION','DATEOFFILING':'16/08/2016','APPLICANTNAME':'AVIK PHARMACEUTICAL LIMITED','TITLEOFINVENTION':'INDUSTRIAL ECOLOGICAL PROCESS OF MANUFACTURING OF BUDESONIDE','FIELDOFINVENTION':'CHEMICAL','E-MAIL(AsPerRecord)':'gopanair@gnaipr.net','ADDITIONAL-EMAIL(AsPerRecord)':'gopanair@gnaipr.net','E-MAIL(UPDATEDOnline)':'','PRIORITYDATE':'NA','REQUESTFOREXAMINATIONDATE':'17/10/2017','PUBLICATIONDATE(U/S11A)':'30/09/2016','FIRSTEXAMINATIONREPORTDATE':'07/12/2017','DateOfCertificateIssue':'18/04/2018','POSTGRANTJOURNALDATE':'20/04/2018','APPLICATIONSTATUS':'Granted Application, Patent Numbe 295893','':'',,'':''}
201621018345==> {'':'','APPLICATIONNUMBER':'201621018345','APPLICATIONTYPE':'ORDINARY APPLICATION','DATEOFFILING':'27/05/2016','APPLICANTNAME':'Frank Industrial Corporation','TITLEOFINVENTION':'A SOLAR PANELS CLEANING DEVICE','FIELDOFINVENTION':'MECHANICALENGINEERING','E-MAIL(AsPerRecord)':'hkpatent@hkindia.com','ADDITIONAL-EMAIL(AsPerRecord)':'hkpatent@hkindia.com','E-MAIL(UPDATEDOnline)':'','PRIORITYDATE':'NA','REQUESTFOREXAMINATIONDATE':'17/10/2017','PUBLICATIONDATE(U/S11A)':'17/06/2016','FIRSTEXAMINATIONREPORTDATE':'13/12/2017','DateOfCertificateIssue':'06/02/2018','POSTGRANTJOURNALDATE':'09/02/2018','APPLICATIONSTATUS':'Granted Application, Patent Numbe 292604','':'',,'':''}
201641036573==> {'':'','APPLICATIONNUMBER':'201641036573','APPLICATIONTYPE':'ORDINARY APPLICATION','DATEOFFILING':'25/10/2016','APPLICANTNAME':'Fabheads Automation Pvt. Ltd.','TITLEOFINVENTION':'AUTOMATED LAYUP MAKING SYSTEM AND METHOD FOR PREPARING CARBON FIBER UNI-DIRECTIONAL PREPREGS FOR HAND LAYUP','FIELDOFINVENTION':'GENERAL ENGINEERING','E-MAIL(AsPerRecord)':'ip@stratjuris.com','ADDITIONAL-EMAIL(AsPerRecord)':'ip@stratjuris.com','E-MAIL(UPDATEDOnline)':'','PRIORITYDATE':'NA','REQUESTFOREXAMINATIONDATE':'--','PUBLICATIONDATE(U/S11A)':'10/02/2017','FIRSTEXAMINATIONREPORTDATE':'18/05/2017','DateOfCertificateIssue':'04/12/2017','POSTGRANTJOURNALDATE':'08/12/2017','APPLICATIONSTATUS':'Granted Application, Patent Numbe 290256','':'',,'':''}
201631027942==> {'':'','APPLICATIONNUMBER':'201631027942','APPLICATIONTYPE':'ORDINARY APPLICATION','DATEOFFILING':'17/08/2016','APPLICANTNAME':'SAROJ VANIJYA PRIVATE LIMITED','TITLEOFINVENTION':'SYSTEM AND PROCESS FOR PRODUCING DRY MIX CONSTRUCTION MATERIALS WITH IMPROVED ENGINEERING PROPERTIES ANALYZER','FIELDOFINVENTION':'METALLURGY','E-MAIL(AsPerRecord)':'gipindia.ipr@gmail.com','ADDITIONAL-EMAIL(AsPerRecord)':'','E-MAIL(UPDATEDOnline)':'mail@gip-india.in','PRIORITYDATE':'NA','REQUESTFOREXAMINATIONDATE':'17/08/2016','PUBLICATIONDATE(U/S11A)':'06/01/2017','FIRSTEXAMINATIONREPORTDATE':'08/02/2017','DateOfCertificateIssue':'13/10/2017','POSTGRANTJOURNALDATE':'20/10/2017','APPLICATIONSTATUS':'Granted Application, Patent Numbe 288379','':'',,'':''}
201621014375==> {'':'','APPLICATIONNUMBER':'201621014375','APPLICATIONTYPE':'ORDINARY APPLICATION','DATEOFFILING':'25/04/2016','APPLICANTNAME':'RONAK Rajendra Gupta','TITLEOFINVENTION':'A METHOD OF MANUFACTURING A YARN','FIELDOFINVENTION':'TEXTILE','E-MAIL(AsPerRecord)':'dewan@rkdewanmail.com','ADDITIONAL-EMAIL(AsPerRecord)':'dewan@rkdewanmail.com','E-MAIL(UPDATEDOnline)':'','PRIORITYDATE':'NA','REQUESTFOREXAMINATIONDATE':'06/01/2017','PUBLICATIONDATE(U/S11A)':'30/12/2016','FIRSTEXAMINATIONREPORTDATE':'21/04/2017','DateOfCertificateIssue':'24/07/2017','POSTGRANTJOURNALDATE':'21/07/2017','APPLICATIONSTATUS':'Granted Application, Patent Numbe 285236','':'',,'':''}
201641013830==> {'':'','APPLICATIONNUMBER':'201641013830','APPLICATIONTYPE':'ORDINARY APPLICATION','DATEOFFILING':'21/04/2016','APPLICANTNAME':'OPTIMUS DRUGS(P) LIMITED','TITLEOFINVENTION':'AN IMPROVED PROCESS FOR THE PREPARATION OF LINEZOLID','FIELDOFINVENTION':'CHEMICAL','E-MAIL(AsPerRecord)':'','ADDITIONAL-EMAIL(AsPerRecord)':'info@missionlegal.com','E-MAIL(UPDATEDOnline)':'','PRIORITYDATE':'NA','REQUESTFOREXAMINATIONDATE':'26/08/2016','PUBLICATIONDATE(U/S11A)':'19/08/2016','FIRSTEXAMINATIONREPORTDATE':'23/11/2016','DateOfCertificateIssue':'20/03/2017','POSTGRANTJOURNALDATE':'24/03/2017','APPLICATIONSTATUS':'Granted Application, Patent Numbe 281489','':'',,'':''}
201621005733==> {'':'','APPLICATIONNUMBER':'201621005733','APPLICATIONTYPE':'ORDINARY APPLICATION','DATEOFFILING':'18/02/2016','APPLICANTNAME':'ideaForge Technology Pvt. Ltd.','TITLEOFINVENTION':'RETRACTABLE CAMERA FOR FIXED WING UAV','FIELDOFINVENTION':'MECHANICALENGINEERING','E-MAIL(AsPerRecord)':'docket@khuranaandkhurana.com','ADDITIONAL-EMAIL(AsPerRecord)':'docket@khuranaandkhurana.com','E-MAIL(UPDATEDOnline)':'docket@khuranaandkhurana.com,info@khuranaandkhuran','PRIORITYDATE':'NA','REQUESTFOREXAMINATIONDATE':'31/08/2017','PUBLICATIONDATE(U/S11A)':'01/09/2017','FIRSTEXAMINATIONREPORTDATE':'20/10/2017','DateOfCertificateIssue':'09/05/2018','POSTGRANTJOURNALDATE':'11/05/2018','APPLICATIONSTATUS':'Granted Application, Patent Numbe 296660','':'',,'':''}
201641024792==> {'':'','APPLICATIONNUMBER':'201641024792','APPLICATIONTYPE':'ORDINARY APPLICATION','DATEOFFILING':'20/07/2016','APPLICANTNAME':'OPTIMUS DRUGS (P) LTD','TITLEOFINVENTION':'AN IMPROVED PROCESS FOR THE PREPARATION OF SOFOSBUVIR','FIELDOFINVENTION':'COMPUTER SCIENCE','E-MAIL(AsPerRecord)':'','ADDITIONAL-EMAIL(AsPerRecord)':'srini@optimuspharma.net','E-MAIL(UPDATEDOnline)':'','PRIORITYDATE':'NA','REQUESTFOREXAMINATIONDATE':'05/04/2017','PUBLICATIONDATE(U/S11A)':'07/07/2017','FIRSTEXAMINATIONREPORTDATE':'03/08/2017','DateOfCertificateIssue':'08/01/2018','POSTGRANTJOURNALDATE':'12/01/2018','APPLICATIONSTATUS':'Granted Application, Patent Numbe 291472','':'',,'':''}
201641030339==> {'':'','APPLICATIONNUMBER':'201641030339','APPLICATIONTYPE':'ORDINARY APPLICATION','DATEOFFILING':'06/09/2016','APPLICANTNAME':'Keshava Bindinganavele Garudadwaja','TITLEOFINVENTION':'UNDERWATER WALKING HELMET','FIELDOFINVENTION':'TEXTILE','E-MAIL(AsPerRecord)':'shivani@lexorbis.com','ADDITIONAL-EMAIL(AsPerRecord)':'','E-MAIL(UPDATEDOnline)':'manisha@lexorbis.com','PRIORITYDATE':'NA','REQUESTFOREXAMINATIONDATE':'10/03/2017','PUBLICATIONDATE(U/S11A)':'30/09/2016','FIRSTEXAMINATIONREPORTDATE':'03/07/2017','DateOfCertificateIssue':'09/10/2017','POSTGRANTJOURNALDATE':'13/10/2017','APPLICATIONSTATUS':'Granted Application, Patent Numbe 288157','':'',,'':''}
201611028580==> {'':'','APPLICATIONNUMBER':'201611028580','APPLICATIONTYPE':'ORDINARY APPLICATION','DATEOFFILING':'22/08/2016','APPLICANTNAME':'HINDALCO INDUSTRIES LIMITED','TITLEOFINVENTION':'READY MIX PLASTER MATERIAL PREPARED USING INDUSTRIAL WASTES','FIELDOFINVENTION':'CHEMICAL','E-MAIL(AsPerRecord)':'patents@lls.in','ADDITIONAL-EMAIL(AsPerRecord)':'gpo@lls.in','E-MAIL(UPDATEDOnline)':'','PRIORITYDATE':'NA','REQUESTFOREXAMINATIONDATE':'31/05/2017','PUBLICATIONDATE(U/S11A)':'19/05/2017','FIRSTEXAMINATIONREPORTDATE':'04/08/2017','DateOfCertificateIssue':'19/12/2017','POSTGRANTJOURNALDATE':'22/12/2017','APPLICATIONSTATUS':'Granted Application, Patent Numbe 290782','':'',,'':''}
201637037269==> {'':'','APPLICATIONNUMBER':'201637037269','APPLICATIONTYPE':'PCT NATIONAL PHASE APPLICATION','DATEOFFILING':'31/10/2016','APPLICANTNAME':'TELEFONAKTIEBOLAGET LM ERICSSON (PUBL)','TITLEOFINVENTION':'METHOD AND APPARATUS FOR SCHEDULING OF A WIRELESS DEVICE','FIELDOFINVENTION':'COMMUNICATION','E-MAIL(AsPerRecord)':'','ADDITIONAL-EMAIL(AsPerRecord)':'','E-MAIL(UPDATEDOnline)':'','PCTINTERNATIONALAPPLICATIONNUMBER':'PCT/EP2015/057006','PCTINTERNATIONALFILINGDATE':'31/03/2015','PRIORITYDATE':'NA','REQUESTFOREXAMINATIONDATE':'31/10/2016','PUBLICATIONDATE(U/S11A)':'14/04/2017','APPLICATIONSTATUS':'Application Awaiting Examination','':'',,'':''}
201637037268==> {'':'','APPLICATIONNUMBER':'201637037268','APPLICATIONTYPE':'PCT NATIONAL PHASE APPLICATION','DATEOFFILING':'31/10/2016','APPLICANTNAME':'HUAWEI TECHNOLOGIES CO. LTD.','TITLEOFINVENTION':'POST CLUSTER BRAIN SPLIT QUORUM PROCESSING METHOD AND QUORUM STORAGE DEVICE AND SYSTEM','FIELDOFINVENTION':'COMMUNICATION','E-MAIL(AsPerRecord)':'','ADDITIONAL-EMAIL(AsPerRecord)':'','E-MAIL(UPDATEDOnline)':'','PCTINTERNATIONALAPPLICATIONNUMBER':'PCT/CN2015/086147','PCTINTERNATIONALFILINGDATE':'05/08/2015','PRIORITYDATE':'NA','REQUESTFOREXAMINATIONDATE':'31/10/2016','PUBLICATIONDATE(U/S11A)':'21/04/2017','APPLICATIONSTATUS':'Application Awaiting Examination','':'',,'':''}
201637037209==> {'':'','APPLICATIONNUMBER':'201637037209','APPLICATIONTYPE':'PCT NATIONAL PHASE APPLICATION','DATEOFFILING':'31/10/2016','APPLICANTNAME':'EVONIK RÖHM GMBH','TITLEOFINVENTION':'PRESSURE DEPENDENT FOAM MOULDING OF POLY(METH)ACRYLIMIDE PARTICLES IN CLOSED MOULDS FOR PRODUCING RIGID FOAM CORES','FIELDOFINVENTION':'GENERAL ENGINEERING','E-MAIL(AsPerRecord)':'','ADDITIONAL-EMAIL(AsPerRecord)':'','E-MAIL(UPDATEDOnline)':'','PCTINTERNATIONALAPPLICATIONNUMBER':'PCT/EP2015/064316','PCTINTERNATIONALFILINGDATE':'25/06/2015','PRIORITYDATE':'NA','REQUESTFOREXAMINATIONDATE':'--','PUBLICATIONDATE(U/S11A)':'14/04/2017','APPLICATIONSTATUS':'Application Published','':'',,'':''}
201637037253==> {'':'','APPLICATIONNUMBER':'201637037253','APPLICATIONTYPE':'PCT NATIONAL PHASE APPLICATION','DATEOFFILING':'31/10/2016','APPLICANTNAME':'SAMSUNG ELECTRONICS CO. LTD.','TITLEOFINVENTION':'METHOD AND APPARATUS FOR TRANSMITTING A HANDOVER REPORT AND AN RLF REPORT','FIELDOFINVENTION':'COMMUNICATION','E-MAIL(AsPerRecord)':'','ADDITIONAL-EMAIL(AsPerRecord)':'','E-MAIL(UPDATEDOnline)':'','PCTINTERNATIONALAPPLICATIONNUMBER':'PCT/KR2015/004351','PCTINTERNATIONALFILINGDATE':'29/04/2015','PRIORITYDATE':'NA','REQUESTFOREXAMINATIONDATE':'29/11/2016','PUBLICATIONDATE(U/S11A)':'14/04/2017','APPLICATIONSTATUS':'Application Awaiting Examination','':'',,'':''}
201637037266==> {'':'','APPLICATIONNUMBER':'201637037266','APPLICATIONTYPE':'PCT NATIONAL PHASE APPLICATION','DATEOFFILING':'31/10/2016','APPLICANTNAME':'HUAWEI TECHNOLOGIES CO. LTD.','TITLEOFINVENTION':'POST CLUSTER BRAIN SPLIT QUORUM PROCESSING METHOD AND QUORUM STORAGE DEVICE AND SYSTEM','FIELDOFINVENTION':'COMMUNICATION','E-MAIL(AsPerRecord)':'','ADDITIONAL-EMAIL(AsPerRecord)':'','E-MAIL(UPDATEDOnline)':'','PCTINTERNATIONALAPPLICATIONNUMBER':'PCT/CN2015/086146','PCTINTERNATIONALFILINGDATE':'05/08/2015','PRIORITYDATE':'NA','REQUESTFOREXAMINATIONDATE':'31/10/2016','PUBLICATIONDATE(U/S11A)':'14/04/2017','APPLICATIONSTATUS':'Application Awaiting Examination','':'',,'':''}
201637037206==> {'':'','APPLICATIONNUMBER':'201637037206','APPLICATIONTYPE':'PCT NATIONAL PHASE APPLICATION','DATEOFFILING':'31/10/2016','APPLICANTNAME':'MERCK PATENT GMBH','TITLEOFINVENTION':'FLUID TRANSFER DEVICE AND PROCESS OF ASEPTICALLY TRANSFERRING A FLUID','FIELDOFINVENTION':'BIO-MEDICAL ENGINEERING','E-MAIL(AsPerRecord)':'','ADDITIONAL-EMAIL(AsPerRecord)':'','E-MAIL(UPDATEDOnline)':'','PCTINTERNATIONALAPPLICATIONNUMBER':'PCT/EP2015/000524','PCTINTERNATIONALFILINGDATE':'09/03/2015','PRIORITYDATE':'NA','REQUESTFOREXAMINATIONDATE':'31/03/2018','PUBLICATIONDATE(U/S11A)':'21/04/2017','APPLICATIONSTATUS':'Application Awaiting Examination','':'',,'':''}
201631037262==> {'':'','APPLICATIONNUMBER':'201631037262','APPLICATIONTYPE':'ORDINARY APPLICATION','DATEOFFILING':'31/10/2016','APPLICANTNAME':'Jyoti Kumar Doley','TITLEOFINVENTION':'KINETIC HYDRO POWER GENERATOR','FIELDOFINVENTION':'MECHANICALENGINEERING','E-MAIL(AsPerRecord)':'j.doley@iitg.ac.in','ADDITIONAL-EMAIL(AsPerRecord)':'doleyb@gmail.com','E-MAIL(UPDATEDOnline)':'','PRIORITYDATE':'NA','REQUESTFOREXAMINATIONDATE':'--','PUBLICATIONDATE(U/S11A)':'04/05/2018','APPLICATIONSTATUS':'Application Published','':'',,'':''}
201637037199==> {'':'','APPLICATIONNUMBER':'201637037199','APPLICATIONTYPE':'PCT NATIONAL PHASE APPLICATION','DATEOFFILING':'31/10/2016','APPLICANTNAME':'KROSAKIHARIMA CORPORATION','TITLEOFINVENTION':'GUNNING MASS','FIELDOFINVENTION':'CHEMICAL','E-MAIL(AsPerRecord)':'','ADDITIONAL-EMAIL(AsPerRecord)':'','E-MAIL(UPDATEDOnline)':'','PCTINTERNATIONALAPPLICATIONNUMBER':'PCT/JP2015/058923','PCTINTERNATIONALFILINGDATE':'24/03/2015','PRIORITYDATE':'NA','REQUESTFOREXAMINATIONDATE':'09/11/2016','PUBLICATIONDATE(U/S11A)':'21/04/2017','APPLICATIONSTATUS':'Application Awaiting Examination','':'',,'':''}
201637037232==> {'':'','APPLICATIONNUMBER':'201637037232','APPLICATIONTYPE':'PCT NATIONAL PHASE APPLICATION','DATEOFFILING':'31/10/2016','APPLICANTNAME':'1 .THYSSENKRUPP STEEL EUROPE AG2 .THYSSENKRUPP AG','TITLEOFINVENTION':'METHOD FOR PRODUCING A STEEL COMPONENT WHICH IS PROVIDED WITH A CORROSION RESISTANT METAL COATINGAND STEEL COMPONENT','FIELDOFINVENTION':'CHEMICAL','E-MAIL(AsPerRecord)':'','ADDITIONAL-EMAIL(AsPerRecord)':'','E-MAIL(UPDATEDOnline)':'','PCTINTERNATIONALAPPLICATIONNUMBER':'PCT/EP2015/059703','PCTINTERNATIONALFILINGDATE':'04/05/2015','PRIORITYDATE':'NA','REQUESTFOREXAMINATIONDATE':'11/05/2018','PUBLICATIONDATE(U/S11A)':'14/04/2017','APPLICATIONSTATUS':'Application Awaiting Examination','':'',,'':''}
201637037198==> {'':'','APPLICATIONNUMBER':'201637037198','APPLICATIONTYPE':'PCT NATIONAL PHASE APPLICATION','DATEOFFILING':'31/10/2016','APPLICANTNAME':'SAMSUNG ELECTRONICS CO. LTD.','TITLEOFINVENTION':'SYSTEM AND METHOD FOR TIMING ALIGNMENT OF LTE CELLS AND INTER OPERATOR CO EXISTENCE ON UNLICENSED SPECTRUM','FIELDOFINVENTION':'COMMUNICATION','E-MAIL(AsPerRecord)':'','ADDITIONAL-EMAIL(AsPerRecord)':'','E-MAIL(UPDATEDOnline)':'','PCTINTERNATIONALAPPLICATIONNUMBER':'PCT/KR2015/004479','PCTINTERNATIONALFILINGDATE':'04/05/2015','PRIORITYDATE':'NA','REQUESTFOREXAMINATIONDATE':'04/04/2018','PUBLICATIONDATE(U/S11A)':'21/04/2017','APPLICATIONSTATUS':'Application Awaiting Examination','':'',,'':''}
201641037236==> {'':'','APPLICATIONNUMBER':'201641037236','APPLICATIONTYPE':'ORDINARY APPLICATION','DATEOFFILING':'31/10/2016','APPLICANTNAME':'A.SANTHI MARY ANTONY','TITLEOFINVENTION':'SENSOR BASED PFC SEPIC CONVERTER FED BLDC MOTOR DRIVE FOR FAN APPLICATIONS','FIELDOFINVENTION':'ELECTRICAL','E-MAIL(AsPerRecord)':'','ADDITIONAL-EMAIL(AsPerRecord)':'santhieee@yahoo.co.in','E-MAIL(UPDATEDOnline)':'','PRIORITYDATE':'NA','REQUESTFOREXAMINATIONDATE':'--','PUBLICATIONDATE(U/S11A)':'04/05/2018','APPLICATIONSTATUS':'Application Published','':'',,'':''}
201641037230==> {'':'','APPLICATIONNUMBER':'201641037230','APPLICATIONTYPE':'ORDINARY APPLICATION','DATEOFFILING':'31/10/2016','APPLICANTNAME':'Mahindra & Mahindra Limited','TITLEOFINVENTION':'SYSTEM AND METHOD FOR PROVIDING LUBRICANT TO CAMSHAFT BEARINGS AND TENSIONER IN AN ENGINE','FIELDOFINVENTION':'MECHANICALENGINEERING','E-MAIL(AsPerRecord)':'patent@bananaip.com','ADDITIONAL-EMAIL(AsPerRecord)':'patent@bananaip.com','E-MAIL(UPDATEDOnline)':'patent@bananaip.com','PRIORITYDATE':'NA','REQUESTFOREXAMINATIONDATE':'26/12/2016','PUBLICATIONDATE(U/S11A)':'04/05/2018','APPLICATIONSTATUS':'Application Awaiting Examination','':'',,'':''}
201641037224==> {'':'','APPLICATIONNUMBER':'201641037224','APPLICATIONTYPE':'ORDINARY APPLICATION','DATEOFFILING':'31/10/2016','APPLICANTNAME':'Indian Space Research Organisation','TITLEOFINVENTION':'FLEXIBLE DETONATING CORD','FIELDOFINVENTION':'MECHANICALENGINEERING','E-MAIL(AsPerRecord)':'patent@depenning.com','ADDITIONAL-EMAIL(AsPerRecord)':'patent@depenning.com','E-MAIL(UPDATEDOnline)':'','PRIORITYDATE':'NA','REQUESTFOREXAMINATIONDATE':'31/10/2016','PUBLICATIONDATE(U/S11A)':'04/05/2018','APPLICATIONSTATUS':'Application Awaiting Examination','':'',,'':''}
201614037285==> {'':'','APPLICATIONNUMBER':'201614037285','APPLICATIONTYPE':'CONVENTIONAL APPLICATION','DATEOFFILING':'31/10/2016','APPLICANTNAME':'NextEV USA, Inc.','TITLEOFINVENTION':'MODULAR BATTERY ASSEMBLY','FIELDOFINVENTION':'MECHANICALENGINEERING','E-MAIL(AsPerRecord)':'mail@lexorbis.com','ADDITIONAL-EMAIL(AsPerRecord)':'mail@lexorbis.com','E-MAIL(UPDATEDOnline)':'manisha@lexorbis.com','PRIORITYDATE':'09/02/2016','REQUESTFOREXAMINATIONDATE':'--','PUBLICATIONDATE(U/S11A)':'11/08/2017','APPLICATIONSTATUS':'Application Published','':'',,'':''}
201614037284==> {'':'','APPLICATIONNUMBER':'201614037284','APPLICATIONTYPE':'CONVENTIONAL APPLICATION','DATEOFFILING':'31/10/2016','APPLICANTNAME':'NextEV USA, Inc.','TITLEOFINVENTION':'VEHICLE HAVING A RIGID FRAME STRUCTURE FOR RECEIVING A REPLACEABLE BATTERY PACK','FIELDOFINVENTION':'MECHANICALENGINEERING','E-MAIL(AsPerRecord)':'mail@lexorbis.com','ADDITIONAL-EMAIL(AsPerRecord)':'mail@lexorbis.com','E-MAIL(UPDATEDOnline)':'manisha@lexorbis.com','PRIORITYDATE':'31/07/2016','REQUESTFOREXAMINATIONDATE':'--','PUBLICATIONDATE(U/S11A)':'11/08/2017','APPLICATIONSTATUS':'Application Published','':'',,'':''}
201641037265==> {'':'','APPLICATIONNUMBER':'201641037265','APPLICATIONTYPE':'ORDINARY APPLICATION','DATEOFFILING':'31/10/2016','APPLICANTNAME':'SRI RAMACHANDRA UNIVERSITY','TITLEOFINVENTION':'PROCESS OF EXTRACTION OF BIOEMULSIFIERS FROM PSEUDOMONAS GUGUANENSIS','FIELDOFINVENTION':'CHEMICAL','E-MAIL(AsPerRecord)':'intellpat@gmail.com','ADDITIONAL-EMAIL(AsPerRecord)':'intellpat@gmail.com','E-MAIL(UPDATEDOnline)':'','PRIORITYDATE':'NA','REQUESTFOREXAMINATIONDATE':'--','PUBLICATIONDATE(U/S11A)':'17/11/2017','APPLICATIONSTATUS':'Application Published','':'',,'':''}
201614037280==> {'':'','APPLICATIONNUMBER':'201614037280','APPLICATIONTYPE':'CONVENTIONAL APPLICATION','DATEOFFILING':'31/10/2016','APPLICANTNAME':'TOYOTA JIDOSHA KABUSHIKI KAISHA','TITLEOFINVENTION':'ROTARY ELECTRIC MACHINE STATOR','FIELDOFINVENTION':'ELECTRICAL','E-MAIL(AsPerRecord)':'archana@anandandanand.com','ADDITIONAL-EMAIL(AsPerRecord)':'email@anandandanand.com','E-MAIL(UPDATEDOnline)':'','PRIORITYDATE':'04/11/2015','REQUESTFOREXAMINATIONDATE':'31/10/2016','PUBLICATIONDATE(U/S11A)':'05/05/2017','APPLICATIONSTATUS':'Application Awaiting Examination','':'',,'':''}
201614037283==> {'':'','APPLICATIONNUMBER':'201614037283','APPLICATIONTYPE':'CONVENTIONAL APPLICATION','DATEOFFILING':'31/10/2016','APPLICANTNAME':'NextEV USA, Inc.','TITLEOFINVENTION':'REPLACEABLE BATTERY ASSEMBLY HAVING A LATCHING MECHANISM','FIELDOFINVENTION':'MECHANICALENGINEERING','E-MAIL(AsPerRecord)':'mail@lexorbis.com','ADDITIONAL-EMAIL(AsPerRecord)':'mail@lexorbis.com','E-MAIL(UPDATEDOnline)':'manisha@lexorbis.com','PRIORITYDATE':'09/02/2016','REQUESTFOREXAMINATIONDATE':'--','PUBLICATIONDATE(U/S11A)':'11/08/2017','APPLICATIONSTATUS':'Application Published','':'',,'':''}
201641037277==> {'':'','APPLICATIONNUMBER':'201641037277','APPLICATIONTYPE':'ORDINARY APPLICATION','DATEOFFILING':'31/10/2016','APPLICANTNAME':'Huawei Technologies India Pvt. Ltd.','TITLEOFINVENTION':'METHOD FOR BATCH OPTIMIZATION OF QUERIES','FIELDOFINVENTION':'COMPUTER SCIENCE','E-MAIL(AsPerRecord)':'archana@anandandanand.com','ADDITIONAL-EMAIL(AsPerRecord)':'email@anandandanand.com','E-MAIL(UPDATEDOnline)':'','PRIORITYDATE':'NA','REQUESTFOREXAMINATIONDATE':'31/10/2016','PUBLICATIONDATE(U/S11A)':'04/05/2018','APPLICATIONSTATUS':'Application Awaiting Examination','':'',,'':''}
201611017078==> {'':'','APPLICATIONNUMBER':'201611017078','APPLICATIONTYPE':'ORDINARY APPLICATION','DATEOFFILING':'17/05/2016','APPLICANTNAME':'Hindalco Industries Limited','TITLEOFINVENTION':'STEPPED STUB FOR ALUMINIUM ELECTROLYSIS','FIELDOFINVENTION':'CHEMICAL','E-MAIL(AsPerRecord)':'gpo@lls.in','ADDITIONAL-EMAIL(AsPerRecord)':'patents@lls.in','E-MAIL(UPDATEDOnline)':'','PRIORITYDATE':'NA','REQUESTFOREXAMINATIONDATE':'01/03/2017','PUBLICATIONDATE(U/S11A)':'24/03/2017','FIRSTEXAMINATIONREPORTDATE':'27/06/2017','DateOfCertificateIssue':'05/10/2017','POSTGRANTJOURNALDATE':'13/10/2017','APPLICATIONSTATUS':'Granted Application, Patent Numbe 288091','':'',,'':''}
201614037279==> {'':'','APPLICATIONNUMBER':'201614037279','APPLICATIONTYPE':'CONVENTIONAL APPLICATION','DATEOFFILING':'31/10/2016','APPLICANTNAME':'TOYOTA JIDOSHA KABUSHIKI KAISHA','TITLEOFINVENTION':'NONAQUEOUS ELECTROLYTE SECONDARY BATTERY AND METHOD OF MANUFACTURING NONAQUEOUS ELECTROLYTE SECONDARY BATTERY','FIELDOFINVENTION':'MECHANICALENGINEERING','E-MAIL(AsPerRecord)':'archana@anandandanand.com','ADDITIONAL-EMAIL(AsPerRecord)':'email@anandandanand.com','E-MAIL(UPDATEDOnline)':'','PRIORITYDATE':'04/11/2015','REQUESTFOREXAMINATIONDATE':'31/10/2016','PUBLICATIONDATE(U/S11A)':'26/05/2017','APPLICATIONSTATUS':'Application Awaiting Examination','':'',,'':''}
201621037211==> {'':'','APPLICATIONNUMBER':'201621037211','APPLICATIONTYPE':'ORDINARY APPLICATION','DATEOFFILING':'31/10/2016','APPLICANTNAME':'DEERE & COMPANY','TITLEOFINVENTION':'A MULTI-FUNCTION CONTROL VALVE ASSEMBLY FOR A VEHICLE','FIELDOFINVENTION':'MECHANICALENGINEERING','E-MAIL(AsPerRecord)':'','ADDITIONAL-EMAIL(AsPerRecord)':'globalipservicesindia@johndeere.com','E-MAIL(UPDATEDOnline)':'','PRIORITYDATE':'NA','REQUESTFOREXAMINATIONDATE':'--','PUBLICATIONDATE(U/S11A)':'04/05/2018','APPLICATIONSTATUS':'Application Published','':'',,'':''}
201614037267==> {'':'','APPLICATIONNUMBER':'201614037267','APPLICATIONTYPE':'CONVENTIONAL APPLICATION','DATEOFFILING':'31/10/2016','APPLICANTNAME':'Supfina Grieshaber GmbH & Co. KG','TITLEOFINVENTION':'FINISHING BELT DEVICE AND METHOD FOR FINISHING A WORKPIECE','FIELDOFINVENTION':'MECHANICALENGINEERING','E-MAIL(AsPerRecord)':'patents@ssrana.com','ADDITIONAL-EMAIL(AsPerRecord)':'ssrana@ssrana.com','E-MAIL(UPDATEDOnline)':'','PRIORITYDATE':'09/11/2015','REQUESTFOREXAMINATIONDATE':'--','PUBLICATIONDATE(U/S11A)':'26/05/2017','APPLICATIONSTATUS':'Application Published','':'',,'':''}
201621000791==> {'':'','APPLICATIONNUMBER':'201621000791','APPLICATIONTYPE':'ORDINARY APPLICATION','DATEOFFILING':'08/01/2016','APPLICANTNAME':'GUFIC BIOSCIENCES LIMITED','TITLEOFINVENTION':'A FREEZE DRIED PARENTERAL COMPOSITION OF TIGECYCLIN AND PROCESS FOR PREPARATION THEREOF','FIELDOFINVENTION':'CHEMICAL','E-MAIL(AsPerRecord)':'gopanair@gnaipr.net','ADDITIONAL-EMAIL(AsPerRecord)':'','E-MAIL(UPDATEDOnline)':'','PRIORITYDATE':'NA','REQUESTFOREXAMINATIONDATE':'28/01/2016','PUBLICATIONDATE(U/S11A)':'05/02/2016','FIRSTEXAMINATIONREPORTDATE':'12/08/2016','DateOfCertificateIssue':'06/02/2017','POSTGRANTJOURNALDATE':'10/02/2017','APPLICATIONSTATUS':'Granted Application, Patent Numbe 279965','':'',,'':''}
201641037278==> {'':'','APPLICATIONNUMBER':'201641037278','APPLICATIONTYPE':'ORDINARY APPLICATION','DATEOFFILING':'31/10/2016','APPLICANTNAME':'Huawei Technologies India Pvt.,Ltd.','TITLEOFINVENTION':'BACKUP OPTIMIZATION BASED DYNAMIC RESOURCE FEEDBACK','FIELDOFINVENTION':'COMPUTER SCIENCE','E-MAIL(AsPerRecord)':'archana@anandandanand.com','ADDITIONAL-EMAIL(AsPerRecord)':'email@anandandanand.com','E-MAIL(UPDATEDOnline)':'','PRIORITYDATE':'NA','REQUESTFOREXAMINATIONDATE':'31/10/2016','PUBLICATIONDATE(U/S11A)':'04/05/2018','APPLICATIONSTATUS':'Application Awaiting Examination','':'',,'':''}
201617045197==> {'':'','APPLICATIONNUMBER':'201617045197','APPLICATIONTYPE':'PCT NATIONAL PHASE APPLICATION','DATEOFFILING':'31/12/2016','APPLICANTNAME':'VITO NV (VLAAMSE INSTELLING VOOR TECHNOLOGISCH ONDERZOEK NV)','TITLEOFINVENTION':'METHOD AND APPARATUS FOR DISRUPTION OF BIOMASS CELLS','FIELDOFINVENTION':'BIO-MEDICAL ENGINEERING','E-MAIL(AsPerRecord)':'','ADDITIONAL-EMAIL(AsPerRecord)':'','E-MAIL(UPDATEDOnline)':'','PCTINTERNATIONALAPPLICATIONNUMBER':'PCT/EP2015/067056','PCTINTERNATIONALFILINGDATE':'24/07/2015','PRIORITYDATE':'25/07/2014','REQUESTFOREXAMINATIONDATE':'--','PUBLICATIONDATE(U/S11A)':'13/01/2017','APPLICATIONSTATUS':'Application Published','':'',,'':''}
201641037222==> {'':'','APPLICATIONNUMBER':'201641037222','APPLICATIONTYPE':'ORDINARY APPLICATION','DATEOFFILING':'31/10/2016','APPLICANTNAME':'DIVIS LABORATORIES LTD.,','TITLEOFINVENTION':'NOVEL CRYSTALLINE MIRABEGRON AND PROCESS FOR ITS PREPARATION','FIELDOFINVENTION':'PHARMACEUTICALS','E-MAIL(AsPerRecord)':'','ADDITIONAL-EMAIL(AsPerRecord)':'kiran@divislabs.com','E-MAIL(UPDATEDOnline)':'','PRIORITYDATE':'NA','REQUESTFOREXAMINATIONDATE':'22/12/2016','PUBLICATIONDATE(U/S11A)':'07/04/2017','APPLICATIONSTATUS':'Application Awaiting Examination','':'',,'':''}
201617023817==> {'':'','APPLICATIONNUMBER':'201617023817','APPLICATIONTYPE':'PCT NATIONAL PHASE APPLICATION','DATEOFFILING':'12/07/2016','APPLICANTNAME':'TELEFONAKTIEBOLAGET LM ERICSSON (PUBL)','TITLEOFINVENTION':'RESOURCE MANAGEMENT IN A RADIO COMMUNICATION NETWORK','FIELDOFINVENTION':'COMMUNICATION','E-MAIL(AsPerRecord)':'','ADDITIONAL-EMAIL(AsPerRecord)':'','E-MAIL(UPDATEDOnline)':'manisha@lexorbis.com','PCTINTERNATIONALAPPLICATIONNUMBER':'PCT/IN2015/050045','PCTINTERNATIONALFILINGDATE':'10/06/2015','PRIORITYDATE':'NA','REQUESTFOREXAMINATIONDATE':'--','PUBLICATIONDATE(U/S11A)':'24/02/2017','FIRSTEXAMINATIONREPORTDATE':'23/08/2017','DateOfCertificateIssue':'06/04/2018','POSTGRANTJOURNALDATE':'13/04/2018','APPLICATIONSTATUS':'Granted Application, Patent Numbe 295567','':'',,'':''}
201621038962==> {'':'','APPLICATIONNUMBER':'201621038962','APPLICATIONTYPE':'ORDINARY APPLICATION','DATEOFFILING':'15/11/2016','APPLICANTNAME':'AMOGH CHEMICALS PVT. LTD','TITLEOFINVENTION':'A PROCESS FOR PREPARATION OF QUINOPHTHALONE DERIVATIVES','FIELDOFINVENTION':'CHEMICAL','E-MAIL(AsPerRecord)':'dewan@rkdewanmail.com','ADDITIONAL-EMAIL(AsPerRecord)':'dewan@rkdewanmail.com','E-MAIL(UPDATEDOnline)':'','PRIORITYDATE':'NA','REQUESTFOREXAMINATIONDATE':'27/05/2017','PUBLICATIONDATE(U/S11A)':'02/06/2017','FIRSTEXAMINATIONREPORTDATE':'04/08/2017','DateOfCertificateIssue':'08/12/2017','POSTGRANTJOURNALDATE':'15/12/2017','APPLICATIONSTATUS':'Granted Application, Patent Numbe 290407','':'',,'':''}
201611037072==> {'':'','APPLICATIONNUMBER':'201611037072','APPLICATIONTYPE':'ORDINARY APPLICATION','DATEOFFILING':'28/10/2016','APPLICANTNAME':'Newndra Innovations Private Limited','TITLEOFINVENTION':'REFILLABLE WRITING INSTRUMENT','FIELDOFINVENTION':'GENERAL ENGINEERING','E-MAIL(AsPerRecord)':'ip@stratjuris.com','ADDITIONAL-EMAIL(AsPerRecord)':'priyank.gupta@stratjuris.com','E-MAIL(UPDATEDOnline)':'','PRIORITYDATE':'NA','REQUESTFOREXAMINATIONDATE':'--','PUBLICATIONDATE(U/S11A)':'11/11/2016','FIRSTEXAMINATIONREPORTDATE':'20/12/2016','DateOfCertificateIssue':'25/07/2017','POSTGRANTJOURNALDATE':'28/07/2017','APPLICATIONSTATUS':'Granted Application, Patent Numbe 285574','':'',,'':''}
201641014966==> {'':'','APPLICATIONNUMBER':'201641014966','APPLICATIONTYPE':'ORDINARY APPLICATION','DATEOFFILING':'29/04/2016','APPLICANTNAME':'OPTIMUS DRUGS (P) LTD','TITLEOFINVENTION':'ANPROCESS FOR THE PREPARATION OF APIXABAN','FIELDOFINVENTION':'CHEMICAL','E-MAIL(AsPerRecord)':'','ADDITIONAL-EMAIL(AsPerRecord)':'srini@optimuspharma.net','E-MAIL(UPDATEDOnline)':'','PRIORITYDATE':'NA','REQUESTFOREXAMINATIONDATE':'24/10/2016','PUBLICATIONDATE(U/S11A)':'19/08/2016','FIRSTEXAMINATIONREPORTDATE':'31/03/2017','DateOfCertificateIssue':'12/07/2017','POSTGRANTJOURNALDATE':'14/07/2017','APPLICATIONSTATUS':'Granted Application, Patent Numbe 285091','':'',,'':''}
201641031487==> {'':'','APPLICATIONNUMBER':'201641031487','APPLICATIONTYPE':'ORDINARY APPLICATION','DATEOFFILING':'15/09/2016','APPLICANTNAME':'BIOSTHIRA PRIVATE LIMITED','TITLEOFINVENTION':'AN APPARATUS AND METHOD FOR DECOMPOSITION OF BIO-DEGRADABLE MATERIAL','FIELDOFINVENTION':'CHEMICAL','E-MAIL(AsPerRecord)':'rkannan@vidarzana.com','ADDITIONAL-EMAIL(AsPerRecord)':'rkannan@vidarzana.com','E-MAIL(UPDATEDOnline)':'pramesh.kannan@rediffmail.com,viswanath.venkatesh@','PRIORITYDATE':'NA','REQUESTFOREXAMINATIONDATE':'28/02/2017','PUBLICATIONDATE(U/S11A)':'04/11/2016','FIRSTEXAMINATIONREPORTDATE':'23/06/2017','DateOfCertificateIssue':'09/11/2017','POSTGRANTJOURNALDATE':'17/11/2017','APPLICATIONSTATUS':'Granted Application, Patent Numbe 289421','':'',,'':''}
201641029251==> {'':'','APPLICATIONNUMBER':'201641029251','APPLICATIONTYPE':'ORDINARY APPLICATION','DATEOFFILING':'29/08/2016','APPLICANTNAME':'SRIRAM GANESAN','TITLEOFINVENTION':'THE ENERGY CONVERSION DEVICE','FIELDOFINVENTION':'MECHANICALENGINEERING','E-MAIL(AsPerRecord)':'&nbsp;','ADDITIONAL-EMAIL(AsPerRecord)':'ramlara.sriram@gmail.com','E-MAIL(UPDATEDOnline)':'','PRIORITYDATE':'NA','REQUESTFOREXAMINATIONDATE':'06/03/2017','PUBLICATIONDATE(U/S11A)':'30/09/2016','FIRSTEXAMINATIONREPORTDATE':'19/06/2017','DateOfCertificateIssue':'08/11/2017','POSTGRANTJOURNALDATE':'10/11/2017','APPLICATIONSTATUS':'Granted Application, Patent Numbe 289374','':'',,'':''}
201611044737==> {'':'','APPLICATIONNUMBER':'201611044737','APPLICATIONTYPE':'ORDINARY APPLICATION','DATEOFFILING':'28/12/2016','APPLICANTNAME':'1 .CHAIN, Dr. Stephen2 .SINGHAL, Dr. Monisha','TITLEOFINVENTION':'SPACE MAINTAINER','FIELDOFINVENTION':'MECHANICALENGINEERING','E-MAIL(AsPerRecord)':'mail@ipneeti.com','ADDITIONAL-EMAIL(AsPerRecord)':'email@ipneeti.com','E-MAIL(UPDATEDOnline)':'','PRIORITYDATE':'NA','REQUESTFOREXAMINATIONDATE':'10/01/2018','PUBLICATIONDATE(U/S11A)':'03/03/2017','FIRSTEXAMINATIONREPORTDATE':'26/02/2018','DateOfCertificateIssue':'13/04/2018','POSTGRANTJOURNALDATE':'20/04/2018','APPLICATIONSTATUS':'Granted Application, Patent Numbe 295765','':'',,'':''}
